{"loss": [4.478344440460205, 1.9966881275177002, 1.9413131475448608, 1.9406490325927734], "accuracy": [0.14825285971164703, 0.14488564431667328, 0.14641042053699493, 0.1456480324268341], "val_loss": [1.9424571990966797, 1.9395499229431152, 1.9403119087219238, 1.942229986190796], "val_accuracy": [0.18046358227729797, 0.026490066200494766, 0.026490066200494766, 0.026490066200494766]}