{"loss": [0.9286082983016968, 0.7313221096992493, 0.6750199198722839], "accuracy": [0.6542249321937561, 0.7284942865371704, 0.7483164072036743], "val_loss": [1.0225131511688232, 0.9489380121231079, 1.0049834251403809], "val_accuracy": [0.6299669146537781, 0.6440397500991821, 0.6341059803962708]}